t,y_pinn,y_ref
0.0,0.13551392496204973,0.1372108361056407
0.008347245409015025,0.13135213114556588,0.13305472444501124
0.01669449081803005,0.1271861879271835,0.1288928410103877
0.025041736227045072,0.12301669255290304,0.12472547799705594
0.0333889816360601,0.1188441072557268,0.12055292789042137
0.041736227045075125,0.1146688531649066,0.11637548344108903
0.050083472454090144,0.11049135568211843,0.11219343763975369
0.05843071786310517,0.10631205676212419,0.10800708369218334
0.0667779632721202,0.10213140825269185,0.10381671499414497
0.07512520868113522,0.09794985743955076,0.09962262510626424
0.08347245409015025,0.09376783235624708,0.09542510772891019
0.09181969949916527,0.08958573106630408,0.09122445667750131
0.10016694490818029,0.08540391646131273,0.0870209658554951
0.10851419031719532,0.08122271630322209,0.08281492922999417
0.11686143572621034,0.07704242722744759,0.07860664080664972
0.12520868113522537,0.0728633210571279,0.07439639460420018
0.1335559265442404,0.06868565185858111,0.07018448462898937
0.1419031719532554,0.06450966250292522,0.06597120484945747
0.15025041736227043,0.060335589933713796,0.061756849170094275
0.15859766277128548,0.056163668765790487,0.05754171140712137
0.1669449081803005,0.05199413319119417,0.05332608526265076
0.17529215358931552,0.04782721741529683,0.0491102642987058
0.18363939899833054,0.04366315498833284,0.04489454191175992
0.19198664440734556,0.039502177448385134,0.04067921130728519
0.20033388981636058,0.03534451267407335,0.036464565474315605
0.20868113522537562,0.03119038328261925,0.03225089716194811
0.21702838063439064,0.027040005323434535,0.028038498850970695
0.22537562604340566,0.022893587426140116,0.023827662726712426
0.23372287145242068,0.018751330477240424,0.01961868065731974
0.2420701168614357,0.01461342782890307,0.015411844168312202
0.25041736227045075,0.01048006598983764,0.011207444417197445
0.25876460767946574,0.006351425712495251,0.007005772168162754
0.2671118530884808,0.002227683371194389,0.0028071177661479585
0.27545909849749584,-0.001890987480455908,-0.0013882288880174348
0.2838063439065108,-0.006004414480370146,-0.005579978359982159
0.2921535893155259,-0.010112424853324975,-0.009767841709441142
0.30050083472454087,-0.014214843911423247,-0.013951530515033232
0.3088480801335559,-0.018311493722523386,-0.018130756899019693
0.31719532554257096,-0.02240219199134441,-0.022305233551873506
0.32554257095158595,-0.026486751180808454,-0.02647467375603167
0.333889816360601,-0.030564977885791933,-0.030638791408683027
0.342237061769616,-0.034636672458332685,-0.03479730105351572
0.35058430717863104,-0.038701628872657934,-0.03894991789968584
0.3589315525876461,-0.04275963481016232,-0.043096357845223955
0.3672787979966611,-0.0468104719385255,-0.047236337501189274
0.3756260434056761,-0.05085391635527925,-0.05136957421567233
0.3839732888146911,-0.054889739164054485,-0.0554957860976437
0.39232053422370616,-0.058917707151155074,-0.05961469204064644
0.40066777963272115,-0.06293758353076206,-0.06372601174563286
0.4090150250417362,-0.06694912872866987,-0.06782946574030126
0.41736227045075125,-0.07095210117680406,-0.07192477541428166
0.42570951585976624,-0.07494625809362065,-0.07601166303592315
0.4340567612687813,-0.07893135622869374,-0.08008985177329184
0.4424040066777963,-0.08290715255318792,-0.08415906571703
0.4507512520868113,-0.08687340488138662,-0.08821902990302152
0.4590984974958264,-0.09082987241187235,-0.09226947033486131
0.46744574290484137,-0.09477631618029958,-0.09631011400612718
0.4757929883138564,-0.09871249941883076,-0.10034068892209883
0.4841402337228714,-0.10263818782024847,-0.10436092411686965
0.49248747913188645,-0.1065531497074228,-0.10837054968666447
0.5008347245409015,-0.11045715611118023,-0.11236929680667342
0.5091819699499165,-0.1143499807617071,-0.11635689774949944
0.5175292153589315,-0.11823140000037247,-0.12033308590637638
0.5258764607679466,-0.12210119262029118,-0.12429759580815747
0.5342237061769616,-0.1259591396450801,-0.12825016314607487
0.5425709515859766,-0.1298050240560712,-0.1321905247922689
0.5509181969949917,-0.13363863047875868,-0.1361184188199718
0.5592654424040067,-0.1374597448395003,-0.14003358451886863
0.5676126878130217,-0.1412681540034777,-0.14393576242478162
0.5759599332220366,-0.14506364540463412,-0.14782469433710083
0.5843071786310517,-0.1488460066778582,-0.15170012333439967
0.5926544240400667,-0.15261502530299764,-0.155561793793728
0.6010016694490817,-0.15637048826946798,-0.15940945140965154
0.6093489148580968,-0.16011218176926134,-0.16324284321303695
0.6176961602671118,-0.16383989092509488,-0.16706171758958296
0.6260434056761268,-0.16755339955931436,-0.17086582429809097
0.6343906510851419,-0.17125249000796328,-0.17465491448457116
0.6427378964941569,-0.17493694298324547,-0.17842874070695
0.6510851419031719,-0.1786065374864063,-0.18218705695328138
0.6594323873121869,-0.18226105077188293,-0.18592961865448004
0.667779632721202,-0.18590025836247004,-0.1896561827014812
0.676126878130217,-0.18952393411419388,-0.19336650746213088
0.684474123539232,-0.19313185032863323,-0.1970603527978071
0.6928213689482471,-0.19672377790956497,-0.20073748007977374
0.7011686143572621,-0.20029948656006846,-0.20439765220526637
0.7095158597662771,-0.20385874501558665,-0.208040633610598
0.7178631051752922,-0.20740132130795041,-0.21166619029041478
0.7262103505843072,-0.2109269830549767,-0.2152740898161795
0.7345575959933222,-0.21443549777001514,-0.21886410134632686
0.7429048414023371,-0.21792663318567063,-0.2224359956411382
0.7512520868113522,-0.22140015758592702,-0.22598954507736113
0.7595993322203672,-0.22485584014098725,-0.22952452366255538
0.7679465776293822,-0.22829345123933997,-0.23304070704916735
0.7762938230383973,-0.23171276281185293,-0.2365378725483327
0.7846410684474123,-0.23511354864306155,-0.24001579914173332
0.7929883138564273,-0.2384955846652459,-0.2434742674962058
0.8013355592654423,-0.2418586492313921,-0.24691305998100718
0.8096828046744574,-0.24520252336364656,-0.2503319606761549
0.8180300500834724,-0.24852699097444542,-0.2537307553848943
0.8263772954924874,-0.25183183905807427,-0.2571092316460066
0.8347245409015025,-0.2551168578509837,-0.26046717874584413
0.8430717863105175,-0.2583818409597862,-0.26380438773010084
0.8514190317195325,-0.2616265854563957,-0.2671206514153152
0.8597662771285476,-0.26485089194032185,-0.27041576439922294
0.8681135225375626,-0.26805456456863586,-0.2736895230717236
0.8764607679465776,-0.2712374110545839,-0.2769417256295696
0.8848080133555926,-0.2743992426362445,-0.28017217208354867
0.8931552587646077,-0.2775398740170152,-0.28338066426856307
0.9015025041736227,-0.2806591232800115,-0.2865670058536525
0.9098497495826376,-0.28375681177875167,-0.28973100235176014
0.9181969949916527,-0.28683276400670876,-0.29287246112924314
0.9265442404006677,-0.2898868074484704,-0.29599119141513053
0.9348914858096827,-0.2929187724153619,-0.29908700430976765
0.9432387312186978,-0.29592849186845793,-0.3021597127931135
0.9515859766277128,-0.29891580123189687,-0.3052091317359354
0.9599332220367278,-0.3018805381994141,-0.3082350779062141
0.9682804674457428,-0.3048225425369142,-0.3112373699769919
0.9766277128547579,-0.30774165588381286,-0.31421582853420826
0.9849749582637729,-0.3106377215557332,-0.3171702760842976
0.9933222036727879,-0.3135105843509822,-0.32010053706155067
1.001669449081803,-0.3163600903630379,-0.3230064378352428
1.010016694490818,-0.31918608680109406,-0.32588780671646655
1.018363939899833,-0.32198842182045784,-0.3287444739645819
1.026711185308848,-0.3247669443644068,-0.33157627179444316
1.035058430717863,-0.3275215040188457,-0.33438303438216077
1.0434056761268782,-0.33025195088090253,-0.33716459787101405
1.0517529215358932,-0.332958135442337,-0.3399208003772497
1.0601001669449082,-0.3356399084884458,-0.3426514819956662
1.0684474123539232,-0.33829712101289733,-0.3453564848049861
1.0767946577629381,-0.34092962414875183,-0.34803565287301835
1.0851419031719531,-0.3435372691157006,-0.3506888322616654
1.0934891485809681,-0.3461199071834029,-0.353315871032054
1.1018363939899833,-0.34867738965061235,-0.35591661924804985
1.1101836393989983,-0.3512095678396523,-0.3584909289811144
1.1185308848080133,-0.353716293105661,-0.361038654314655
1.1268781302170283,-0.3561974168599138,-0.3635596513479802
1.1352253756260433,-0.3586527906064365,-0.366053778200068
1.1435726210350583,-0.36108226599104576,-0.36852089501315044
1.1519198664440733,-0.36348569486187765,-0.37096086395611483
1.1602671118530885,-0.36586292934044984,-0.3733735492277887
1.1686143572621035,-0.3682138219022293,-0.37575881706114944
1.1769616026711185,-0.3705382254657086,-0.3781165357235112
1.1853088480801335,-0.3728359934889536,-0.3804465755201507
1.1936560934891485,-0.37510698007260945,-0.38274880879760137
1.2020033388981635,-0.37735104006838416,-0.38502310994598427
1.2103505843071787,-0.37956802919203647,-0.38726935540118057
1.2186978297161937,-0.38175780413994786,-0.38948742364685024
1.2270450751252087,-0.383920222708398,-0.3916771952162962
1.2353923205342237,-0.38605514391471707,-0.39383855269420326
1.2437395659432386,-0.3881624281195424,-0.39597138071984006
1.2520868113522536,-0.3902419371494543,-0.3980755659852437
1.2604340567612686,-0.39229353441934744,-0.40015099723692593
1.2687813021702838,-0.39431708505392193,-0.4021975652784875
1.2771285475792988,-0.39631245600778064,-0.40421516297156324
1.2854757929883138,-0.3982795161836252,-0.40620368523664124
1.2938230383973288,-0.4002181365481463,-0.4081630290537547
1.3021702838063438,-0.40212819024522917,-0.41009309346305006
1.3105175292153588,-0.4040095527061496,-0.41199377956523475
1.3188647746243738,-0.4058621017564865,-0.41386499052342185
1.327212020033389,-0.4076857177195139,-0.4157066315608513
1.335559265442404,-0.4094802835158675,-0.41751860996024587
1.343906510851419,-0.41124568475932044,-0.41930083506584964
1.352253756260434,-0.4129818098485174,-0.4210532182832396
1.360601001669449,-0.4146885500545521,-0.422775673079035
1.368948247078464,-0.4163657996042738,-0.42446811498050846
1.377295492487479,-0.4180134557592272,-0.42613046157509865
1.3856427378964942,-0.4196314188901429,-0.42776263250982866
1.3939899833055092,-0.4212195925468869,-0.4293645494909247
1.4023372287145242,-0.4227778835237872,-0.43093613628269933
1.4106844741235391,-0.4243062019202495,-0.43247731870621786
1.4190317195325541,-0.42580446119656723,-0.4339880246389626
1.4273789649415691,-0.42727257822482256,-0.435468184013793
1.4357262103505843,-0.4287104733347755,-0.4369177288178152
1.4440734557595993,-0.43011807035461436,-0.43833659309127504
1.4524207011686143,-0.43149529664644426,-0.43972471292626775
1.4607679465776293,-0.43284208313637396,-0.4410820264648529
1.4691151919866443,-0.43415836433905586,-0.44240847389810106
1.4774624373956593,-0.4354440783765303,-0.4437039974645902
1.4858096828046743,-0.43669916699121214,-0.44496854144879494
1.4941569282136895,-0.4379235755528659,-0.44620205217944664
1.5025041736227045,-0.43911725305940963,-0.4474044780279302
1.5108514190317195,-0.4402801521313984,-0.4485757694059751
1.5191986644407345,-0.4414122290000342,-0.4497158787641322
1.5275459098497495,-0.4425134434885727,-0.4508247605899148
1.5358931552587645,-0.44358375898700064,-0.4519023714057994
1.5442404006677795,-0.4446231424198941,-0.4529486697671847
1.5525876460767947,-0.4456315642073596,-0.4539636162606246
1.5609348914858097,-0.44660899821901867,-0.454947173500847
1.5692821368948247,-0.4475554217210018,-0.4558993061288741
1.5776293823038396,-0.4484708153159702,-0.45681998081004127
1.5859766277128546,-0.4493551628761898,-0.4577091662316601
1.5943238731218696,-0.45020845146976396,-0.45856683310064084
1.6026711185308846,-0.4510306712801231,-0.45939295414113773
1.6110183639398998,-0.45182181551894907,-0.46018750409198717
1.6193656093489148,-0.4525818803327428,-0.46095045970417603
1.6277128547579298,-0.45331086470328064,-0.46168179973842377
1.6360601001669448,-0.45400877034226217,-0.46238150496260616
1.6444073455759598,-0.45467560158049536,-0.46304955814914545
1.6527545909849748,-0.4553113652520002,-0.4636859440725995
1.66110183639399,-0.4559160705734684,-0.4642906495068635
1.669449081803005,-0.4564897290195533,-0.46486366322155936
1.67779632721202,-0.4570323541944934,-0.4654049759802328
1.686143572621035,-0.45754396170063694,-0.4659145805375731
1.69449081803005,-0.45802456900443245,-0.46639247163656056
1.702838063439065,-0.4584741953005229,-0.4668386460055036
1.71118530884808,-0.45889286137456775,-0.46725310235492434
1.7195325542570952,-0.45928058946547323,-0.4676358413756276
1.7278797996661102,-0.45963740312770573,-0.4679868657350385
1.7362270450751252,-0.45996332709440213,-0.4683061800741461
1.7445742904841401,-0.4602583871419683,-0.4685937910045526
1.7529215358931551,-0.4605226099569002,-0.46884970710552293
1.7612687813021701,-0.46075602300552276,-0.4690739389214209
1.7696160267111851,-0.4609586544073745,-0.46926649895749006
1.7779632721202003,-0.46113053281292204,-0.4694274016773533
1.7863105175292153,-0.46127168728629764,-0.4695566635002257
1.7946577629382303,-0.4613821471937234,-0.4696543027977437
1.8030050083472453,-0.46146194209825686,-0.4697203398907786
1.8113522537562603,-0.4615111016614797,-0.4697547970459492
1.8196994991652753,-0.46152965555270065,-0.469757698472935
1.8280467445742905,-0.46151763336621676,-0.46972907032125694
1.8363939899833055,-0.4614750645471395,-0.469668940676602
1.8447412353923205,-0.4614019783262311,-0.4695773395575709
1.8530884808013355,-0.46129840366417607,-0.46945429891239965
1.8614357262103505,-0.4611643692056395,-0.4692998526156519
1.8697829716193655,-0.4609999032434253,-0.4691140364649858
1.8781302170283805,-0.46080503369298476,-0.46889688817792263
1.8864774624373957,-0.4605797880774831,-0.4686484473876794
1.8948247078464107,-0.4603241935235589,-0.4683687556403531
1.9031719532554257,-0.4600382767678646,-0.46805785639153197
1.9115191986644406,-0.4597220641744153,-0.4677157950028042
1.9198664440734556,-0.45937558176271676,-0.4673426187382445
1.9282136894824706,-0.45899885524657935,-0.4669383767608754
1.9365609348914856,-0.45859191008347633,-0.46650312012910466
1.9449081803005008,-0.45815477153424156,-0.4660369017931381
1.9532554257095158,-0.4576874647328495,-0.4655397765920907
1.9616026711185308,-0.45719001476597043,-0.465011801249026
1.9699499165275458,-0.45666244676193024,-0.46445303436721574
1.9782971619365608,-0.4561047859886789,-0.46386353642725014
1.9866444073455758,-0.45551705796028674,-0.4632433697832707
1.9949916527545908,-0.45489928855148953,-0.46259259865917407
2.003338898163606,-0.4542515041197246,-0.4619112891447871
2.011686143572621,-0.45357373163407555,-0.46119950919201086
2.020033388981636,-0.45286599881052036,-0.4604573286109309
2.028380634390651,-0.4521283342528146,-0.45968481906601516
2.036727879799666,-0.45136076759835686,-0.45888205407235555
2.045075125208681,-0.45056332966831314,-0.4580491089906691
2.053422370617696,-0.44973605262129435,-0.4571860610239421
2.061769616026711,-0.44887897010984035,-0.4562929892134288
2.070116861435726,-0.44799211743896006,-0.4553699744345165
2.078464106844741,-0.4470755317259725,-0.45441709939254543
2.0868113522537564,-0.44612925206087684,-0.45343444861858817
2.0951585976627713,-0.44515331966648786,-0.452422108465181
2.1035058430717863,-0.44414777805757844,-0.4513801671020574
2.1118530884808013,-0.4431126731982582,-0.45030871451171794
2.1202003338898163,-0.4420480536568663,-0.449207842484956
2.1285475792988313,-0.44095397075761533,-0.44807764461647914
2.1368948247078463,-0.4398304787283016,-0.4469182163003832
2.1452420701168613,-0.43867763484337363,-0.4457296547255699
2.1535893155258763,-0.43749549956169,-0.4445120588711057
2.1619365609348913,-0.43628413665833765,-0.44326552950152
2.1702838063439063,-0.4350436133498925,-0.44199016916201134
2.1786310517529213,-0.433774000412557,-0.4406860821732297
2.1869782971619363,-0.4324753722926249,-0.4393533746273637
2.1953255425709517,-0.43114780720879087,-0.43799215438276634
2.2036727879799667,-0.4297913872458372,-0.43660253105869606
2.2120200333889817,-0.4284061984392875,-0.43518461603023
2.2203672787979967,-0.4269923308506647,-0.4337385224231032
2.2287145242070117,-0.42554987863303007,-0.4322643651084699
2.2370617696160267,-0.4240789400865308,-0.4307622606975854
2.2454090150250416,-0.42257961770373864,-0.4292323275361608
2.2537562604340566,-0.4210520182046047,-0.4276746856987774
2.2621035058430716,-0.4194962525609107,-0.4260894569846884
2.2704507512520866,-0.41791243601014916,-0.42447676491109454
2.2787979966611016,-0.41630068805881315,-0.4228367347073435
2.2871452420701166,-0.4146611324751246,-0.42116949330912623
2.2954924874791316,-0.412993897271293,-0.419475169352579
2.3038397328881466,-0.4112991146754241,-0.4177538931682893
2.312186978297162,-0.40957692109326915,-0.4160057967752045
2.320534223706177,-0.4078274570600391,-0.41423101387298483
2.328881469115192,-0.4060508671825489,-0.4124296798381983
2.337228714524207,-0.40424730007201926,-0.4106019317184615
2.345575959933222,-0.4024169082678837,-0.4087479082240212
2.353923205342237,-0.40055984815299683,-0.4068677497212195
2.362270450751252,-0.39867627986067755,-0.4049615982258431
2.370617696160267,-0.3967663671740578,-0.4030295973963567
2.378964941569282,-0.39483027741821974,-0.40107189252701814
2.387312186978297,-0.3928681813456585,-0.3990886305406631
2.395659432387312,-0.390880253015607,-0.3970799599802559
2.404006677796327,-0.38886666966780736,-0.39504603100555347
2.412353923205342,-0.38682761159129897,-0.39298699538369486
2.4207011686143574,-0.3847632619888408,-0.3909030064810731
2.4290484140233723,-0.382673806837571,-0.38879421925578284
2.4373956594323873,-0.3805594347465313,-0.386660790249933
2.4457429048414023,-0.3784203368116821,-0.3845028775818274
2.4540901502504173,-0.3762567064690283,-0.3823206409380085
2.4624373956594323,-0.3740687393464912,-0.3801142415638708
2.4707846410684473,-0.3718566331151385,-0.37788384225594285
2.4791318864774623,-0.3696205873403775,-0.37562960735817297
2.4874791318864773,-0.3673608033337292,-0.3733517027491637
2.4958263772954923,-0.36507748400574735,-0.3710502958334506
2.5041736227045073,-0.3627708337206552,-0.36872555553281994
2.5125208681135223,-0.3604410581532622,-0.3663776522774748
2.5208681135225373,-0.35808836414865763,-0.3640067579970493
2.5292153589315522,-0.35571295958520666,-0.36161304611145534
2.5375626043405677,-0.3533150532413114,-0.3591966915203634
2.5459098497495827,-0.35089485466638526,-0.3567578705961939
2.5542570951585977,-0.348452574056457,-0.35429676117422104
2.5626043405676127,-0.34598842213478886,-0.35181354254166325
2.5709515859766277,-0.3435026100378673,-0.3493083954278308
2.5792988313856426,-0.34099534920708074,-0.3467815019941146
2.5876460767946576,-0.3384668512863731,-0.34423304582381564
2.5959933222036726,-0.33591732802613294,-0.34166321191181603
2.6043405676126876,-0.33334699119352473,-0.33907218665404587
2.6126878130217026,-0.3307560524894597,-0.33646015783669503
2.6210350584307176,-0.3281447234723529,-0.3338273146259364
2.6293823038397326,-0.32551321548877565,-0.33117384755664053
2.6377295492487476,-0.32286173961110554,-0.3284999485211969
2.646076794657763,-0.32019050658221215,-0.3258058107582423
2.654424040066778,-0.3174997267672015,-0.32309162884123405
2.662771285475793,-0.3147896101122183,-0.32035759866711844
2.671118530884808,-0.3120603661102588,-0.31760391744407174
2.679465776293823,-0.30931220377393265,-0.31483078367961614
2.687813021702838,-0.30654533161507747,-0.3120383971688687
2.696160267111853,-0.30375995763111496,-0.309226958982297
2.704507512520868,-0.3009562892979991,-0.3063966714533195
2.712854757929883,-0.29813453356959396,-0.30354773816600195
2.721202003338898,-0.2952948968833038,-0.3006803639424374
2.729549248747913,-0.2924375851717387,-0.2977947548283695
2.737896494156928,-0.2895628038802103,-0.2948911180814319
2.746243739565943,-0.2866707579898009,-0.2919696621580276
2.754590984974958,-0.2837616520457735,-0.28903059669994025
2.7629382303839733,-0.2808356901910407,-0.28607413252084773
2.7712854757929883,-0.2778930762044287,-0.28310048159390594
2.7796327212020033,-0.2749340135434357,-0.2801098570347933
2.7879799666110183,-0.2719587053912025,-0.2771024730889023
2.7963272120200333,-0.2689673547073781,-0.2740785451181512
2.8046744574290483,-0.26596016428257774,-0.27103828958659476
2.8130217028380633,-0.26293733679611564,-0.2679819240458878
2.8213689482470783,-0.25989907487668495,-0.26490966711965985
2.8297161936560933,-0.2568455811656729,-0.26182173848951573
2.8380634390651083,-0.2537770583827732,-0.2587183588826781
2.8464106844741233,-0.25069370939357505,-0.25559975005392066
2.8547579298831383,-0.24759573727879403,-0.25246613477033103
2.8631051752921532,-0.2444833454048232,-0.24931773679601044
2.8714524207011687,-0.24135673749526587,-0.24615478087568113
2.8797996661101837,-0.23821611770313722,-0.2429774927130243
2.8881469115191987,-0.2350616906833929,-0.23978609897375414
2.8964941569282137,-0.23189366166547898,-0.23658082725897708
2.9048414023372287,-0.2287122365255756,-0.23336190608589955
2.9131886477462436,-0.22551762185821755,-0.23012956487205766
2.9215358931552586,-0.22231002504699093,-0.22688403391934528
2.9298831385642736,-0.21908965433398842,-0.22362554440325583
2.9382303839732886,-0.21585671888773494,-0.220354328347759
2.9465776293823036,-0.21261142886927908,-0.2170706186041336
2.9549248747913186,-0.20935399549617828,-0.2137746488442821
2.9632721202003336,-0.20608463110408204,-0.21046665354331484
2.9716193656093486,-0.2028035492056548,-0.20714686796194537
2.9799666110183636,-0.19951096454657335,-0.2038155281311487
2.988313856427379,-0.19620709315834373,-0.20047287083884316
2.996661101836394,-0.19289215240770274,-0.19711913358870137
3.005008347245409,-0.1895663610423659,-0.1937545545987071
3.013355592654424,-0.1862299392329121,-0.19037937278499054
3.021702838063439,-0.18288310861059132,-0.1869938277442294
3.030050083472454,-0.17952609230087258,-0.1835981597399998
3.038397328881469,-0.17615911495255143,-0.18019260966443454
3.046744574290484,-0.17278240276225376,-0.17677741903221175
3.055091819699499,-0.1693961834941995,-0.1733528299645187
3.063439065108514,-0.16600068649508826,-0.16991908517030394
3.071786310517529,-0.16259614270401102,-0.16647642793247094
3.080133555926544,-0.15918278465728852,-0.16302510207201948
3.088480801335559,-0.15576084648816857,-0.15956535193777463
3.0968280467445743,-0.15233056392133804,-0.15609742239059635
3.1051752921535893,-0.14889217426221502,-0.152621558783827
3.1135225375626043,-0.1454459163810191,-0.14913800694838703
3.1218697829716193,-0.14199203069163735,-0.14564701316064457
3.1302170283806343,-0.13853075912531598,-0.14214882412781651
3.1385642737896493,-0.13506234509925197,-0.1386436869721644
3.1469115191986643,-0.13158703348015888,-0.13513184921093638
3.1552587646076793,-0.12810507054291853,-0.1316135587399
3.1636060100166943,-0.12461670392445279,-0.12808906380516996
3.1719532554257093,-0.12112218257295904,-0.12455861298492922
3.1803005008347243,-0.11762175669269481,-0.12102245517332699
3.1886477462437393,-0.11411567768450437,-0.11748083956012767
3.1969949916527542,-0.11060419808230337,-0.11393401561230491
3.2053422370617692,-0.1070875714857622,-0.11038223304997456
3.2136894824707847,-0.10356605248944495,-0.10682574182556273
3.2220367278797997,-0.10003989660867718,-0.10326479210658403
3.2303839732888147,-0.09650936020243128,-0.09969963425513935
3.2387312186978297,-0.09297470039354172,-0.09613051880789626
3.2470784641068446,-0.08943617498656231,-0.09255769645485261
3.2554257095158596,-0.08589404238359866,-0.08898141801821137
3.2637729549248746,-0.0823485614984566,-0.08540193443301984
3.2721202003338896,-0.07879999166945106,-0.08181949672673929
3.2804674457429046,-0.0752485925712344,-0.07823435599835903
3.2888146911519196,-0.07169462412599181,-0.07464676339807508
3.2971619365609346,-0.06813834641437322,-0.07105697010677357
3.3055091819699496,-0.06458001958650561,-0.06746522731548023
3.3138564273789646,-0.06101990377345279,-0.06387178620502343
3.32220367278798,-0.05745825899945889,-0.06027689792518244
3.330550918196995,-0.05389534509533078,-0.056680813573811786
3.33889816360601,-0.05033142161327375,-0.05308378417700685
3.347245409015025,-0.04676674774351475,-0.04948606066842187
3.35559265442404,-0.04320158223301218,-0.04588789386810704
3.363939899833055,-0.03963618330654273,-0.04228953446165522
3.37228714524207,-0.0360708085904371,-0.03869123298134978
3.380634390651085,-0.03250571503922017,-0.03509323978439118
3.3889816360601,-0.02894115886538584,-0.031495805031746156
3.397328881469115,-0.025377395472515274,-0.027899178668379685
3.40567612687813,-0.021814679391922276,-0.02430361040408299
3.414023372287145,-0.018253264222995003,-0.020709349691209217
3.42237061769616,-0.014693402577355186,-0.017116645703344084
3.4307178631051753,-0.011135346026954984,-0.013525747318012994
3.4390651085141903,-0.007579345056183517,-0.009936903095138797
3.4474123539232053,-0.004025649018038702,-0.0063503612556683586
3.4557595993322203,-0.0004745060943885937,-0.002766369661645218
3.4641068447412353,0.0030738367396843103,0.0008148242038595749
3.4724540901502503,0.006619133747488015,0.004392973256572771
3.4808013355592653,0.01016114045833294,0.007967830831938572
3.4891485809682803,0.013699613691243506,0.01153915070322936
3.4974958263772953,0.01723431157488098,0.01510668710057623
3.5058430717863103,0.020764993563818668,0.018670194733586075
3.5141903171953253,0.024291420451337586,0.022229428808909144
3.5225375626043403,0.02781335437892829,0.02578414505657322
3.5308848080133552,0.03133055884271119,0.029334099745228652
3.5392320534223702,0.034842798697005906,0.0328790496998645
3.5475792988313857,0.03834984015530307,0.0364187523215914
3.5559265442404007,0.04185145078889585,0.039952965607288275
3.5642737896494157,0.04534739952345801,0.043481448169090844
3.5726210350584306,0.0488374566338623,0.04700395925378484
3.5809682804674456,0.0523213937375272,0.050520258762131676
3.5893155258764606,0.055798983786610634,0.05403010726789076
3.5976627712854756,0.05927000105934965,0.05753326603678947
3.6060100166944906,0.06273422115086535,0.06102949704536653
3.6143572621035056,0.06619142096372421,0.06451856299932371
3.6227045075125206,0.06964137869856657,0.06800022734712488
3.6310517529215356,0.07308387384507786,0.0714742543114143
3.6393989983305506,0.07651868717358445,0.07494040890143853
3.6477462437395656,0.07994560072752088,0.07839845692793394
3.656093489148581,0.083364397817002,0.08184816502147955
3.664440734557596,0.08677486301370663,0.08528930065068287
3.672787979966611,0.09017678214724445,0.08872163214019976
3.681135225375626,0.09356994230315108,0.09214492868858636
3.689482470784641,0.09695413182261003,0.09555896038299576
3.697829716193656,0.1003291403039599,0.09896349821836965
3.706176961602671,0.10369475860601496,0.1023583141241109
3.714524207011686,0.1070507788531464,0.1057431809724976
3.722871452420701,0.11039699444205464,0.1091178725955485
3.731218697829716,0.11373320005008747,0.1124821638020274
3.739565943238731,0.11705919164490308,0.11583583039426346
3.747913188647746,0.12037476649522916,0.1191786491847991
3.756260434056761,0.1236797231823964,0.12251039801260562
3.764607679465776,0.12697386161226898,0.12583085575633673
3.7729549248747913,0.13025698302713962,0.12913980235801018
3.7813021702838063,0.13352889001708235,0.13243701883584966
3.7896494156928213,0.13678938653021167,0.13572228729828925
3.7979966611018363,0.1400382778812299,0.1389953909596387
3.8063439065108513,0.14327537075760088,0.142256114155565
3.8146911519198663,0.14650047322262927,0.14550424235838838
3.8230383973288813,0.14971339471470002,0.14873956219219747
3.8313856427378963,0.15291394604187003,0.15196186144732332
3.8397328881469113,0.15610193937101324,0.1551709290954202
3.8480801335559263,0.1592771882106674,0.15836655530524194
3.8564273789649413,0.16243950738675372,0.16154853145580214
3.8647746243739562,0.1655887130103293,0.16471665015055434
3.8731218697829712,0.16872462243656106,0.1678707052314215
3.8814691151919867,0.17184705421414703,0.17101049179263925
3.8898163606010017,0.1749558280244562,0.17413580619441305
3.8981636060100167,0.17805076460973712,0.17724644607652418
3.9065108514190316,0.18113168568982985,0.18034221037292142
3.9148580968280466,0.18419841386693003,0.1834228993214199
3.9232053422370616,0.1872507725180762,0.18648831447811504
3.9315525876460766,0.19028858567519835,0.1895382587308214
3.9398998330550916,0.19331167789271952,0.19257253631157428
3.9482470784641066,0.19631987410291996,0.1955909528089533
3.9565943238731216,0.19931299945947256,0.19859331518021792
3.9649415692821366,0.20229087916980393,0.20157943176326482
3.9732888146911516,0.20525333831719506,0.20454911229042785
3.9816360601001666,0.20820020167380338,0.20750216789823978
3.9899833055091816,0.21113129350608006,0.2104384111341618
3.998330550918197,0.21404643737436413,0.21335765597281292
4.006677796327212,0.2169454559287326,0.2162597178270162
4.0150250417362265,0.219828170703517,0.21914441355856712
4.023372287145242,0.2226944019131909,0.22201156148882586
4.0317195325542565,0.22554396825265743,0.2248609814091288
4.040066777963272,0.22837668670525058,0.2276924945915904
4.0484140233722865,0.23119237236203083,0.23050592380361576
4.056761268781302,0.2339908382562198,0.2333010933056295
4.065108514190317,0.2367718952168013,0.23607782886651751
4.073455759599332,0.23953535174550067,0.2388359577754393
4.081803005008347,0.24228101392144874,0.24157530885104495
4.090150250417362,0.24500868533787468,0.2442957124505272
4.098497495826377,0.2477181670751618,0.24699700047850778
4.106844741235392,0.250409257714451,0.24967900639575327
4.115191986644407,0.2530817533958064,0.2523415652317318
4.123539232053422,0.2557354479246048,0.2549845135887934
4.131886477462437,0.2583701329294342,0.2576076896426119
4.140233722871452,0.2609855980742183,0.2602109331592483
4.148580968280467,0.26358163132665413,0.2627940855029952
4.156928213689482,0.26615801928425764,0.2653569896439248
4.165275459098497,0.2687145475584364,0.2678994901652921
4.173622704507513,0.27125100121596946,0.27042143327077384
4.181969949916527,0.27376716527617395,0.27292266679249333
4.190317195325543,0.27626282526078527,0.2754030402040295
4.198664440734557,0.2787377677922789,0.27786240460974015
4.207011686143573,0.2811917812349565,0.2803006127601284
4.215358931552587,0.2836246563716932,0.28271751906125203
4.223706176961603,0.28603618710777345,0.2851129795808447
4.232053422370617,0.2884261711917888,0.2874868520542933
4.240400667779633,0.29079441094216685,0.2898389958904806
4.248747913188647,0.29314071396655694,0.2921692721774801
4.257095158597663,0.29546489386011054,0.2944775436932675
4.265442404006677,0.29776677086763803,0.29676367490502004
4.273789649415693,0.30004617249381127,0.29902753196609844
4.282136894824708,0.3023029340450223,0.30126898273174685
4.290484140233723,0.30453689908625803,0.3034878967639785
4.298831385642738,0.3067479197964653,0.30568414533622784
4.307178631051753,0.3089358572063805,0.3078576014378794
4.315525876460768,0.3111005813037703,0.3100081397786704
4.323873121869783,0.31324197099242057,0.31213563679400674
4.332220367278798,0.3153599138931472,0.3142399706546739
4.3405676126878125,0.31745430597751045,0.31632102125395434
4.348914858096828,0.31952505102784334,0.3183786702204584
4.3572621035058425,0.3215720599206141,0.3204128009244528
4.365609348914858,0.3235952497340331,0.32242329848132034
4.3739565943238725,0.3255945426850898,0.3244100497549012
4.382303839732888,0.3275698649058534,0.3263729433607289
4.390651085141903,0.32952114507376584,0.32831186966914566
4.398998330550918,0.3314483129157094,0.3302267208096714
4.407345575959933,0.33335129761071247,0.33211739067211105
4.415692821368948,0.3352300261211286,0.33398377490756626
4.424040066777963,0.3370844214868203,0.3358257709336355
4.432387312186978,0.3389144011211273,0.33764327793693005
4.440734557595993,0.3407198751510193,0.3394361968755706
4.449081803005008,0.3425007448466243,0.3412044304821233
4.457429048414023,0.34425690118712016,0.3429478832636498
4.465776293823038,0.3459882236105628,0.34466646150507624
4.474123539232053,0.34769457899446116,0.34636007327151497
4.482470784641068,0.3493758209116314,0.3480286284100334
4.490818030050083,0.351031789201967,0.3496720385517612
4.499165275459099,0.3526623098951515,0.35129021711300756
4.507512520868113,0.354267195512036,0.35288307929562673
4.515859766277129,0.355846245763378,0.3544505420897997
4.524207011686143,0.3573992486540443,0.35599252427527045
4.532554257095159,0.358925981988767,0.3575089464224846
4.540901502504173,0.36042621526237917,0.3589997308942795
4.549248747913189,0.36189971190347126,0.360464801845033
4.557595993322203,0.36334623182604053,0.36190408522231127
4.565943238731219,0.36476553422947794,0.363317508768119
4.574290484140233,0.3661573805736813,0.3647050020194781
4.582637729549249,0.36752153764396883,0.3660664963087781
4.590984974958263,0.3688577806103529,0.36740192476420397
4.599332220367279,0.37016589597855354,0.36871122231083026
4.607679465776293,0.3714456843264571,0.36999432567014123
4.616026711185309,0.3726969627204449,0.3712511733601864
4.624373956594324,0.3739195667116938,0.372481705695679
4.632721202003339,0.37511335182379896,0.3736858647855833
4.641068447412354,0.3762781944601829,0.37486359453847573
4.649415692821369,0.37741399218289395,0.376014840661164
4.657762938230384,0.3785206633432357,0.3771395506557663
4.666110183639399,0.379598146078496,0.37823767381965456
4.674457429048414,0.3806463967265148,0.379309161245775
4.6828046744574285,0.3816653877489855,0.3803539658231139
4.691151919866444,0.38265510529240293,0.38137204223177157
4.6994991652754585,0.38361554654898233,0.382363346946008
4.707846410684474,0.3845467171044814,0.38332783823394356
4.7161936560934885,0.3854486284710955,0.38426547615662465
4.724540901502504,0.38632129599706433,0.38517622256949346
4.732888146911519,0.3871647373166681,0.38606004111674214
4.741235392320534,0.38797897145329924,0.38691689722889944
4.749582637729549,0.3887640186154673,0.38774675812611614
4.757929883138564,0.3895199006364949,0.3885495928170922
4.766277128547579,0.3902466419136099,0.38932537209915596
4.774624373956594,0.39094427061648357,0.3900740685495908
4.782971619365609,0.3916128198779705,0.3907956565292453
4.791318864774624,0.39225232867059484,0.39149011218186336
4.799666110183639,0.39286284212728195,0.3921574134341071
4.808013355592654,0.39344441119048223,0.3927975399905072
4.816360601001669,0.3939970916616873,0.3934104733298033
4.824707846410684,0.3945209429457582,0.39399619670748165
4.833055091819699,0.3950160269946957,0.39455469515417796
4.841402337228715,0.39548240809317853,0.39508595547604386
4.849749582637729,0.39592015413126,0.39558996624369924
4.858096828046745,0.3963293398310176,0.3960667177961382
4.866444073455759,0.3967100520201549,0.39651620224008827
4.874791318864775,0.39706239651110814,0.39693841345269326
4.883138564273789,0.39738650553739063,0.39733334707156476
4.891485809682805,0.3976825441534204,0.3977010004838604
4.899833055091819,0.39795071367641077,0.39804137283842483
4.908180300500835,0.39819125028385394,0.3983544650425136
4.916527545909849,0.39840441737213894,0.3986402797560868
4.924874791318865,0.39859049124140916,0.3988988213965746
4.933222036727879,0.3987497410066909,0.39913009613079575
4.941569282136895,0.39888240515384715,0.39933411187011225
4.94991652754591,0.39898866859605386,0.3995108782660904
4.958263772954925,0.3990686451505483,0.3996604067094764
4.96661101836394,0.3991223707850209,0.39978271033302754
4.974958263772955,0.3991498126025804,0.39987780400585915
4.98330550918197,0.3991508972955008,0.39994570433067095
4.991652754590985,0.3991255607972397,0.3999864296410824
5.0,0.3990738183294913,0.4
