t,y_pin,y_ref
0.0,1.0000045,1.0
0.010010010010009784,0.99995446,0.9999499002655047
0.020020020020020124,0.9998039,0.999799605389684
0.03003003003002991,0.99955344,0.9995491306111505
0.04004004004004025,0.9992024,0.9991985009443034
0.05005005005005003,0.9987509,0.9987477497035172
0.06006006006005982,0.9981999,0.9981969185031401
0.07007007007007016,0.9975486,0.9975460572574952
0.08008008008007994,0.9967974,0.9967952241808801
0.09009009009009028,0.9959461,0.9959444857875661
0.10010010010010006,0.9949954,0.9949939168917997
0.11011011011010985,0.9939451,0.9939436005303671
0.12012012012012019,0.9927948,0.9927936220717
0.13013013013012997,0.9915449,0.9915440776762323
0.1401401401401403,0.9901959,0.9901950727774591
0.1501501501501501,0.9887476,0.9887467173588714
0.16016016016015988,0.98720026,0.9871991259539563
0.17017017017017022,0.98555374,0.9855524176461965
0.18018018018018,0.98380834,0.9838067160690709
0.19019019019019034,0.98196393,0.9819621494060542
0.20020020020020013,0.9800211,0.9800188503906171
0.21021021021021047,0.9779792,0.9779769563062263
0.22022022022022025,0.97583956,0.9758366089863443
0.23023023023023004,0.97360146,0.9735979548144298
0.24024024024024038,0.97126514,0.9712611447239371
0.25025025025025016,0.9688307,0.9688263341983167
0.2602602602602605,0.96629834,0.9662936832710148
0.2702702702702703,0.9636687,0.9636633565254739
0.28028028028028007,0.9609415,0.9609355198065828
0.2902902902902904,0.9581169,0.9581103296422372
0.3003003003003002,0.9551949,0.9551879562598445
0.31031031031031053,0.9521763,0.9521685723542075
0.3203203203203203,0.9490607,0.9490523511454086
0.3303303303303301,0.9458484,0.9458394663788109
0.34034034034034044,0.94253916,0.942530092325057
0.3503503503503502,0.939134,0.9391244037800698
0.36036036036036057,0.9356324,0.935622576065052
0.37037037037037035,0.9320351,0.9320247850264863
0.38038038038038013,0.92834175,0.9283312070361358
0.3903903903903905,0.92455286,0.9245420189910433
0.40040040040040026,0.92066836,0.9206573983135315
0.4104104104104106,0.9166886,0.9166775229512034
0.4204204204204204,0.91261375,0.9126025713769419
0.4304304304304307,0.90844405,0.9084327225889097
0.4404404404404405,0.9041792,0.90416815611055
0.4504504504504503,0.8998201,0.8998090519905856
0.46046046046046063,0.8953666,0.8953555908030194
0.4704704704704704,0.89081883,0.8908079536471344
0.48048048048048075,0.88617694,0.8861663173452802
0.49049049049049054,0.88144106,0.8814308500164777
0.5005005005005003,0.87661165,0.876601725249594
0.5105105105105107,0.87168825,0.8716791153306913
0.5205205205205204,0.86667204,0.8666631909742939
0.5305305305305308,0.8615623,0.8615541213233886
0.5405405405405406,0.85635984,0.8563520739494243
0.5505505505505504,0.85106456,0.8510572148523122
0.5605605605605607,0.8456764,0.845669708460426
0.5705705705705705,0.84019554,0.8401897176306017
0.5805805805805808,0.83462274,0.8346174036481373
0.5905905905905906,0.82895756,0.8289529262267935
0.6006006006006004,0.8232007,0.823196443508793
0.6106106106106107,0.81735134,0.8173481120648209
0.6206206206206205,0.81141067,0.8114080868940248
0.6306306306306309,0.80537856,0.8053765214240142
0.6406406406406406,0.79925483,0.7992535675108613
0.6506506506506504,0.79304004,0.7930393754391003
0.6606606606606608,0.78673404,0.786734093921728
0.6706706706706705,0.7803373,0.7803378701002032
0.6806806806806809,0.77385014,0.7738508495444473
0.6906906906906907,0.7672717,0.7672731762528437
0.7007007007007005,0.7606031,0.7606049938195508
0.7107107107107108,0.7538439,0.7538464544207781
0.7207207207207206,0.7469946,0.7469976920429309
0.7307307307307309,0.74005544,0.7400588355804474
0.7407407407407407,0.7330263,0.7330300141809503
0.7507507507507505,0.7259071,0.7259113572452456
0.7607607607607608,0.7186989,0.7187029944273235
0.7707707707707706,0.71140075,0.7114050556343581
0.780780780780781,0.7040133,0.7040176710267071
0.7907907907907907,0.6965366,0.6965409710179123
0.8008008008008005,0.6889707,0.6889750862746994
0.8108108108108109,0.6813161,0.6813201477169778
0.8208208208208212,0.6735723,0.6735762865178411
0.830830830830831,0.66574,0.6657436341035665
0.8408408408408408,0.6578188,0.6578223221536151
0.8508508508508505,0.6498095,0.649812482600632
0.8608608608608609,0.6417116,0.6417142476304462
0.8708708708708712,0.63352525,0.6335277496820703
0.880880880880881,0.62525153,0.6252531214477012
0.8908908908908908,0.61688936,0.6168904958727193
0.9009009009009006,0.60843956,0.6084400061556892
0.9109109109109109,0.599902,0.5999017857483592
0.9209209209209213,0.59127676,0.5912759683556613
0.930930930930931,0.5825645,0.582562687935712
0.9409409409409408,0.5737644,0.5737620786998109
0.9509509509509506,0.5648774,0.564874275112442
0.960960960960961,0.55590326,0.5558994274644455
0.9709709709709713,0.5468425,0.5468377213655827
0.9809809809809811,0.53769475,0.5376892947025896
0.9909909909909909,0.52846074,0.5284542887041441
1.001001001001001,0.51913995,0.5191328526661377
1.011011011011011,0.50973314,0.5097251439516761
1.0210210210210213,0.5002401,0.5002313279910787
1.031031031031031,0.49066126,0.49065157828187916
1.041041041041041,0.48099655,0.48098607638882485
1.0510510510510511,0.47124654,0.4712350119438772
1.0610610610610611,0.46141088,0.46139858264621153
1.0710710710710714,0.45149,0.4514769942622172
1.0810810810810811,0.44148433,0.44147046062549744
1.091091091091091,0.43139404,0.4313792036368696
1.1011011011011012,0.4212187,0.4212034532643648
1.1111111111111112,0.41095963,0.4109434475432282
1.1211211211211214,0.4006163,0.4005994325759189
1.1311311311311312,0.39018896,0.3901716625321099
1.141141141141141,0.37967825,0.37966039964868825
1.1511511511511512,0.36908418,0.369065914229755
1.1611611611611612,0.35840726,0.3583884846466249
1.1711711711711714,0.34764704,0.347628397337827
1.1811811811811812,0.33680496,0.3367859468091041
1.191191191191191,0.32588044,0.32586143563341297
1.2012012012012012,0.3148745,0.3148551878902768
1.2112112112112112,0.30378714,0.30376760380324236
1.2212212212212215,0.29261857,0.2925990377995957
1.2312312312312312,0.28136927,0.2813498528779319
1.241241241241241,0.27003974,0.27002043320321784
1.2512512512512513,0.25863013,0.2586111841067919
1.2612612612612613,0.24714121,0.24712253208636414
1.2712712712712715,0.23557347,0.23555492480601614
1.2812812812812813,0.22392705,0.22390883109620116
1.291291291291291,0.21220306,0.21218474095374412
1.3013013013013013,0.2004008,0.20038316554184143
1.3113113113113113,0.18852231,0.18850463719006133
1.3213213213213215,0.17656688,0.17654970939434345
1.3313313313313313,0.16453584,0.16451895681699907
1.341341341341341,0.15242943,0.1524129752867113
1.3513513513513513,0.14024793,0.14023238179853464
1.3613613613613613,0.12799336,0.12797781451389525
1.3713713713713716,0.11566478,0.11564993276059105
1.3813813813813813,0.103263885,0.10324941703279142
1.3913913913913911,0.09079079,0.0907769689910373
1.4014014014014013,0.07824649,0.0782333114622415
1.4114114114114114,0.06563191,0.06561923356996972
1.4214214214214216,0.052947532,0.05293556389602872
1.4314314314314314,0.040194746,0.04018311605238633
1.4414414414414412,0.027373906,0.027362739475596996
1.4514514514514514,0.014486369,0.01447531950604114
1.4614614614614614,0.0015323497,0.0015217773879252217
1.4714714714714716,-0.011486556,-0.011496929730718364
1.4814814814814814,-0.024569642,-0.024579808798031233
1.4914914914914912,-0.03771578,-0.03772583085832895
1.5015015015015014,-0.050923992,-0.0509339310521012
1.5115115115115114,-0.06419331,-0.06420300861601155
1.5215215215215216,-0.07752216,-0.07753192688289764
1.5315315315315314,-0.090909764,-0.09091951328177122
1.5415415415415412,-0.10435459,-0.10436455933781782
1.5515515515515514,-0.11785591,-0.11786582067239729
1.5615615615615615,-0.13141188,-0.13142201700304315
1.5715715715715717,-0.14502165,-0.1450318321434633
1.5815815815815815,-0.15868355,-0.15869391400353916
1.5915915915915912,-0.17239624,-0.17240687458932674
1.6016016016016015,-0.1861583,-0.18616929000305565
1.611611611611612,-0.19996855,-0.19997969713185704
1.6216216216216217,-0.21382457,-0.21383655900201695
1.6316316316316315,-0.22772574,-0.22773829895824513
1.641641641641642,-0.24167025,-0.2416833017536601
1.6516516516516515,-0.25565618,-0.2556699086516142
1.661661661661662,-0.26968187,-0.26969641742569384
1.6716716716716717,-0.28374627,-0.28376108235971936
1.6816816816816815,-0.29784626,-0.2978621142477449
1.691691691691692,-0.31198138,-0.3119976803940586
1.7017017017017015,-0.32614893,-0.3261659046131826
1.711711711711712,-0.34034723,-0.34036486722987286
1.7217217217217218,-0.35457432,-0.35459260507911927
1.7317317317317316,-0.36882842,-0.3688471115061458
1.741741741741742,-0.3831067,-0.38312633636641014
1.7517517517517516,-0.39740872,-0.39742818602560404
1.761761761761762,-0.41173077,-0.41175052335965323
1.7717717717717718,-0.42607087,-0.4260911677547173
1.7817817817817816,-0.4404273,-0.44044789510718957
1.791791791791792,-0.45479745,-0.4548184378236976
1.8018018018018016,-0.46917927,-0.46920048482110277
1.811811811811812,-0.48357046,-0.48359168152650045
1.8218218218218218,-0.49796784,-0.49798963167020016
1.8318318318318316,-0.51237035,-0.5123919231319646
1.841841841841842,-0.52677405,-0.5267960603901135
1.8518518518518516,-0.54117787,-0.541199497844493
1.861861861861862,-0.55557775,-0.5555996592202609
1.8718718718718719,-0.56997246,-0.5699939375678883
1.8818818818818817,-0.584358,-0.5843796952631579
1.891891891891892,-0.5987332,-0.5987542640071651
1.9019019019019017,-0.61309433,-0.6131149448263177
1.9119119119119121,-0.6274389,-0.6274590080723355
1.921921921921922,-0.6417641,-0.6417836934222507
1.9319319319319317,-0.656067,-0.6560862098784084
1.9419419419419421,-0.6703454,-0.6703637357684654
1.9519519519519517,-0.6845958,-0.684613418745391
1.9619619619619622,-0.6988154,-0.6988323757874669
1.971971971971972,-0.71300155,-0.7130176931982872
1.9819819819819817,-0.7271509,-0.7271664266067585
1.9919919919919922,-0.7412608,-0.7412756111192239
2.002002002002002,-0.75532806,-0.7553423443429095
2.012012012012012,-0.76935023,-0.7693636137416024
2.022022022022022,-0.7833236,-0.7833363755791756
2.032032032032032,-0.7972456,-0.7972575877880219
2.042042042042042,-0.8111126,-0.8111242099690553
2.052052052052052,-0.82492256,-0.8249332033917105
2.062062062062062,-0.8386714,-0.8386815309939428
2.0720720720720722,-0.8523567,-0.8523661573822284
2.0820820820820822,-0.86597526,-0.8659840488315644
2.0920920920920922,-0.8795239,-0.8795321732854685
2.1021021021021022,-0.8929997,-0.8930075003559792
2.1121121121121122,-0.9063998,-0.9064070013236558
2.1221221221221223,-0.91972053,-0.9197276491375785
2.1321321321321323,-0.93295944,-0.9329664184153481
2.1421421421421423,-0.9461132,-0.9461202854430861
2.1521521521521523,-0.9591795,-0.9591862281754351
2.1621621621621623,-0.9721546,-0.9721612509411502
2.1721721721721723,-0.98503554,-0.9850424675935902
2.1821821821821823,-0.99781954,-0.9978269116981454
2.1921921921921923,-1.010504,-1.0105116393608757
2.2022022022022023,-1.0230861,-1.0230937478033617
2.2122122122122123,-1.0355623,-1.035570375362705
2.2222222222222223,-1.0479305,-1.0479387014915285
2.2322322322322323,-1.0601871,-1.0601959467579765
2.2422422422422423,-1.0723304,-1.072339372845714
2.2522522522522523,-1.084357,-1.0843662825539278
2.2622622622622623,-1.0962644,-1.096274019797325
2.2722722722722724,-1.1080501,-1.1080599696061346
2.2822822822822824,-1.119711,-1.1197215581261066
2.2922922922922924,-1.1312455,-1.1312562526185117
2.3023023023023024,-1.14265,-1.1426615614601423
2.3123123123123124,-1.153923,-1.1539350341433119
2.3223223223223224,-1.1650621,-1.1650742664556442
2.3323323323323324,-1.1760644,-1.1760769757423484
2.3423423423423424,-1.186928,-1.1869408949115403
2.3523523523523524,-1.1976504,-1.19766379859005
2.3623623623623624,-1.2082301,-1.2082435290096767
2.3723723723723724,-1.2186644,-1.218677996007188
2.3823823823823824,-1.2289522,-1.2289651770243217
2.3923923923923924,-1.2390898,-1.2391031171077844
2.4024024024024024,-1.2490771,-1.249089928909252
2.4124124124124124,-1.2589114,-1.2589237926853696
2.4224224224224224,-1.2685907,-1.2686029562977512
2.4324324324324325,-1.2781138,-1.2781257352129805
2.4424424424424425,-1.2874796,-1.2874905125026102
2.4524524524524525,-1.2966852,-1.2966957388431621
2.4624624624624625,-1.3057301,-1.3057399325161274
2.4724724724724725,-1.3146127,-1.3146216794079664
2.4824824824824825,-1.3233316,-1.3233396330101086
2.4924924924924925,-1.3318852,-1.3318925121344554
2.5025025025025025,-1.3402731,-1.3402791058823644
2.5125125125125125,-1.3484935,-1.3484983033937754
2.5225225225225225,-1.3565452,-1.3565490644361917
2.5325325325325325,-1.3644274,-1.3644304156470242
2.5425425425425425,-1.3721396,-1.372141450533591
2.5525525525525525,-1.3796806,-1.3796813294731176
2.5625625625625625,-1.3870499,-1.387049279712737
2.5725725725725725,-1.3942463,-1.3942445953694895
2.5825825825825826,-1.4012694,-1.4012666374303224
2.5925925925925926,-1.4081186,-1.4081148337520912
2.6026026026026026,-1.4147937,-1.4147886790615576
2.6126126126126126,-1.421294,-1.4212877349553916
2.6226226226226226,-1.4276187,-1.4276116299001702
2.6326326326326326,-1.4337683,-1.4337600592323778
2.6426426426426426,-1.4397417,-1.4397327851584059
2.6526526526526526,-1.4455392,-1.4455296367545536
2.6626626626626626,-1.4511615,-1.4511505099670274
2.6726726726726726,-1.456607,-1.4565953676119414
2.6826826826826826,-1.4618764,-1.4618642352445907
2.6926926926926926,-1.4669697,-1.4669570929970783
2.7027027027027026,-1.4718871,-1.471874056589131
2.7127127127127126,-1.4766291,-1.4766153417099914
2.7227227227227226,-1.4811954,-1.481181203712794
2.7327327327327327,-1.4855865,-1.4855719376145662
2.7427427427427427,-1.4898025,-1.489787878096227
2.7527527527527527,-1.4938437,-1.493829399502589
2.7627627627627627,-1.4977114,-1.497696915842357
2.7727727727727727,-1.5014051,-1.501390880788127
2.7827827827827827,-1.5049258,-1.5049117876763898
2.7927927927927927,-1.5082738,-1.5082601695075262
2.8028028028028027,-1.51145,-1.5114365989458112
2.8128128128128127,-1.5144541,-1.5144416883194116
2.8228228228228227,-1.517288,-1.5172760896203867
2.8328328328328327,-1.5199523,-1.5199404945046884
2.8428428428428427,-1.5224468,-1.5224356342921608
2.8528528528528527,-1.5247734,-1.524762279966541
2.8628628628628627,-1.5269318,-1.526921242175458
2.8728728728728727,-1.5289235,-1.5289133712304337
2.8828828828828827,-1.5307491,-1.5307395571068818
2.8928928928928928,-1.5324097,-1.5324007104860005
2.9029029029029028,-1.5339061,-1.5338976535563862
2.9129129129129128,-1.5352393,-1.5352313116969571
2.9229229229229228,-1.5364102,-1.536402644784072
2.932932932932933,-1.5374197,-1.5374126239647254
2.942942942942943,-1.5382686,-1.5382622316565493
2.952952952952953,-1.5389585,-1.5389524615478114
2.962962962962963,-1.5394902,-1.5394843185974163
2.972972972972973,-1.5398645,-1.539858819034905
2.982982982982983,-1.540082,-1.5400769903604548
2.992992992992993,-1.5401449,-1.5401398713448797
3.003003003003003,-1.5400535,-1.5400485120296301
3.013013013013013,-1.539809,-1.5398039737267932
3.023023023023023,-1.5394125,-1.5394073290190922
3.033033033033033,-1.538865,-1.5388596617598869
3.043043043043043,-1.5381671,-1.538162067073174
3.053053053053053,-1.5373213,-1.537315649495804
3.063063063063063,-1.536328,-1.5363214716388716
3.073073073073073,-1.5351875,-1.5351806163943613
3.083083083083083,-1.5339016,-1.5338941825030208
3.093093093093093,-1.5324712,-1.5324632628017207
3.103103103103103,-1.5308976,-1.5308889442234552
3.113113113113113,-1.5291817,-1.5291723077973416
3.123123123123123,-1.5273246,-1.5273144286486202
3.133133133133133,-1.5253278,-1.5253163759986548
3.143143143143143,-1.5231915,-1.5231792131649318
3.153153153153153,-1.5209172,-1.5209039975610616
3.163163163163163,-1.5185059,-1.5184917806967773
3.173173173173173,-1.515959,-1.515943608177935
3.183183183183183,-1.513277,-1.5132605197065145
3.193193193193193,-1.5104613,-1.5104435490806187
3.203203203203203,-1.5075128,-1.5074937241944733
3.2132132132132134,-1.5044326,-1.5044120670384273
3.2232232232232234,-1.5012214,-1.5011995718025186
3.233233233233234,-1.4978805,-1.4978572145182316
3.2432432432432434,-1.4944108,-1.4943859769644219
3.253253253253253,-1.4908127,-1.4907868259401087
3.2632632632632634,-1.487088,-1.487060713254449
3.2732732732732734,-1.4832373,-1.4832085757267386
3.283283283283284,-1.4792613,-1.4792313351864104
3.2932932932932935,-1.4751613,-1.4751298984730354
3.303303303303303,-1.4709377,-1.470905157436323
3.3133133133133135,-1.4665916,-1.4665579889361204
3.3233233233233235,-1.4621246,-1.4620892548424127
3.333333333333334,-1.4575359,-1.4574998020353234
3.3433433433433435,-1.4528275,-1.4527904624051131
3.353353353353353,-1.4480004,-1.4479620528521815
3.3633633633633635,-1.4430548,-1.4430153752870656
3.3733733733733735,-1.4379915,-1.4379512166304402
3.383383383383384,-1.4328117,-1.4327703488131192
3.3933933933933935,-1.4275159,-1.427473528776053
3.403403403403403,-1.4221044,-1.4220614935152895
3.4134134134134135,-1.4165788,-1.4165349526141957
3.4234234234234235,-1.410939,-1.4108946046677748
3.433433433433434,-1.4051862,-1.4051411310891504
3.4434434434434436,-1.399321,-1.39927519574116
3.453453453453453,-1.3933432,-1.3932974449363538
3.4634634634634636,-1.3872547,-1.387208507436995
3.4734734734734736,-1.3810555,-1.381008994455061
3.483483483483484,-1.3747461,-1.3746994996522413
3.4934934934934936,-1.3683275,-1.368280599139939
3.503503503503503,-1.3618,-1.3617528514792703
3.5135135135135136,-1.355164,-1.355116797681065
3.5235235235235236,-1.3484199,-1.3483729612058655
3.533533533533534,-1.3415688,-1.341521847963928
3.5435435435435436,-1.3346105,-1.3345639463152212
3.553553553553553,-1.3275461,-1.3274997270694275
3.5635635635635636,-1.3203757,-1.3203296434859426
3.5735735735735736,-1.3130999,-1.3130541312738748
3.583583583583584,-1.3057189,-1.3056736085920462
3.5935935935935936,-1.2982334,-1.2981884760489917
3.603603603603603,-1.2906436,-1.2905991167029596
3.6136136136136137,-1.2829496,-1.2829058982275305
3.6236236236236237,-1.2751523,-1.2751091872969758
3.633633633633634,-1.2672515,-1.2672093107324696
3.6436436436436437,-1.2592484,-1.259206573900507
3.6536536536536532,-1.2511419,-1.2511012674593003
3.6636636636636637,-1.2429338,-1.2428936673587778
3.6736736736736737,-1.2346236,-1.2345840348405848
3.683683683683684,-1.2262112,-1.2261726164380837
3.6936936936936937,-1.2176977,-1.217659643976353
3.7037037037037033,-1.2090826,-1.209045334572188
3.7137137137137137,-1.2003663,-1.2003298906341013
3.7237237237237237,-1.1915491,-1.1915134998623218
3.733733733733734,-1.1826315,-1.182596335248795
3.7437437437437437,-1.1736133,-1.1735785550771831
3.7537537537537533,-1.1644942,-1.1644603029228657
3.7637637637637638,-1.1552751,-1.1552417076529382
3.7737737737737738,-1.145956,-1.1459228834262132
3.783783783783784,-1.1365362,-1.13650392969322
3.793793793793794,-1.1270168,-1.1269849311962046
3.8038038038038033,-1.1173971,-1.1173659579691297
3.813813813813814,-1.1076777,-1.1076470653376747
3.823823823823824,-1.0978585,-1.0978282939192359
3.8338338338338342,-1.0879396,-1.0879096696229258
3.843843843843844,-1.0779207,-1.0778912036495742
3.8538538538538534,-1.0678022,-1.0677728924917274
3.863863863863864,-1.0575838,-1.0575547179336484
3.873873873873874,-1.0472655,-1.047236647051317
3.8838838838838843,-1.0368474,-1.036818636221855
3.893893893893894,-1.0263294,-1.026300701383549
3.9039039039039034,-1.0157115,-1.0156827900055898
3.913913913913914,-1.0049932,-1.004964810455964
3.923923923923924,-0.9941752,-0.9941466658266074
3.9339339339339343,-0.9832572,-0.9832282539334041
3.943943943943944,-0.9722388,-0.9722094673161875
3.9539539539539534,-0.9611199,-0.9610901932387395
3.963963963963964,-0.94990027,-0.9498703136887909
3.973973973973974,-0.9385804,-0.9385497053780215
3.9839839839839843,-0.9271598,-0.9271282397420597
3.993993993993994,-0.91563773,-0.9156057829404827
4.004004004004004,-0.9040151,-0.903982195856816
4.014014014014014,-0.8922912,-0.8922573340985359
4.024024024024024,-0.8804659,-0.8804310479970654
4.034034034034034,-0.868539,-0.8685031826077769
4.044044044044044,-0.8565103,-0.8564735777099922
4.054054054054054,-0.84438014,-0.8443420678069812
4.064064064064064,-0.83214736,-0.8321084821259629
4.074074074074074,-0.8198128,-0.8197726446181053
4.084084084084084,-0.80737567,-0.807334373958525
4.094094094094094,-0.794836,-0.7947934835462874
4.104104104104104,-0.78219336,-0.782149781504407
4.114114114114114,-0.7694477,-0.7694030706798466
4.124124124124124,-0.7565989,-0.7565531486435184
4.134134134134134,-0.74364674,-0.743599807690283
4.1441441441441444,-0.7305912,-0.73054283483895
4.1541541541541545,-0.7174312,-0.717382011832278
4.1641641641641645,-0.7041675,-0.7041171726723305
4.1741741741741745,-0.69080013,-0.690748222431604
4.1841841841841845,-0.67732763,-0.6772749545741108
4.1941941941941945,-0.66375107,-0.6636971721426702
4.2042042042042045,-0.6500697,-0.6500146925128546
4.2142142142142145,-0.6362839,-0.6362273473929893
4.2242242242242245,-0.62239265,-0.6223349828241519
4.2342342342342345,-0.6083961,-0.6083374591801735
4.2442442442442445,-0.59429467,-0.5942346511676375
4.2542542542542545,-0.5800878,-0.5800264478258803
4.2642642642642645,-0.56577533,-0.5657127525269912
4.2742742742742745,-0.55135727,-0.5512934829758119
4.2842842842842845,-0.5368336,-0.5367685712099375
4.2942942942942945,-0.5222038,-0.5221379635997155
4.3043043043043046,-0.5074685,-0.5074016208482462
4.314314314314315,-0.49262702,-0.492559517991383
4.324324324324325,-0.4776802,-0.47761164439773185
4.334334334334335,-0.46262705,-0.4625580037686514
4.344344344344345,-0.44746816,-0.44739861413825355
4.354354354354355,-0.43220377,-0.4321335078734026
4.364364364364365,-0.4168334,-0.4167627316737159
4.374374374374375,-0.4013571,-0.40128634868969526
4.384384384384385,-0.38577598,-0.3857045540807787
4.394394394394395,-0.3700892,-0.3700175299764236
4.404404404404405,-0.35429746,-0.35422543575891546
4.414414414414415,-0.33840054,-0.338328474333343
4.424424424424425,-0.32239884,-0.32232689212759846
4.434434434434435,-0.30629328,-0.3062209790923772
4.444444444444445,-0.2900832,-0.29001106870117827
4.454454454454455,-0.2737701,-0.2736975379503037
4.464464464464465,-0.25735304,-0.2572808073588591
4.474474474474475,-0.24083397,-0.24076134096875332
4.484484484484485,-0.22421181,-0.22413964634469857
4.494494494494495,-0.20748836,-0.20741627457421044
4.504504504504505,-0.19066326,-0.19059182026760785
4.514514514514515,-0.1737381,-0.17366692155801303
4.524524524524525,-0.15671284,-0.15664226010135154
4.534534534534535,-0.13958856,-0.13951856107635235
4.544544544544545,-0.12236619,-0.12229659318454783
4.554554554554555,-0.10504618,-0.10497717770537367
4.564564564564565,-0.087629884,-0.08756129837443259
4.574574574574575,-0.070117846,-0.07004992790213971
4.584584584584585,-0.052511502,-0.05244407869284916
4.594594594594595,-0.034811575,-0.03474484072716512
4.604604604604605,-0.017019663,-0.016953381561941733
4.614614614614615,0.00086357817,0.0009290536697167534
4.624624624624625,0.018835943,0.018901142258456294
4.634634634634635,0.03689639,0.03696148391867268
4.644644644644645,0.055043783,0.05510860078851176
4.654654654654655,0.07327667,0.07334093742986939
4.664664664664665,0.09159307,0.09165686082839153
4.674674674674675,0.10999094,0.11005466039347384
4.684684684684685,0.12846923,0.12853254795826236
4.694694694694695,0.147026,0.1470886577796529
4.704704704704705,0.16565852,0.1657210465382914
4.714714714714715,0.18436556,0.18442769333857362
4.724724724724725,0.20314465,0.20320649970864552
4.734734734734735,0.22199339,0.22205527683123635
4.744744744744745,0.24091014,0.24097166978434933
4.754754754754755,0.25989157,0.2599532586482451
4.764764764764765,0.2789354,0.27899753519722803
4.774774774774775,0.29803973,0.29810189284811345
4.784784784784785,0.31720147,0.3172636266602279
4.794794794794795,0.33641732,0.3364799333354085
4.804804804804805,0.35568476,0.35574791121800364
4.814814814814815,0.3750013,0.37506456029487273
4.824824824824825,0.39436305,0.39442678219538596
4.834834834834835,0.41376716,0.4138313801914246
4.844844844844845,0.43321058,0.433275059197381
4.854854854854855,0.45268965,0.45275442577015834
4.864864864864865,0.4722005,0.47226598810917086
4.874874874874875,0.49174052,0.49180615605634376
4.884884884884885,0.51130515,0.5113712410961132
4.894894894894895,0.5308905,0.5309574563554265
4.904904904904905,0.5504937,0.5505609382864941
4.914914914914915,0.5701098,0.5701776986680555
4.924924924924925,0.5897349,0.5898036072242486
4.934934934934935,0.6093652,0.6094344552694966
4.944944944944945,0.6289965,0.6290659561963585
4.954954954954955,0.6486239,0.6486937454755307
4.964964964964965,0.66824317,0.6683133806558452
4.974974974974975,0.68784976,0.6879203413642709
4.984984984984985,0.7074393,0.7075100293059129
4.994994994994995,0.72700703,0.7270777682640128
5.005005005005005,0.746548,0.7466188040999485
5.015015015015015,0.7660577,0.7661283047532347
5.025025025025025,0.78553075,0.7856013602415218
5.035035035035035,0.80496275,0.8050329826605975
5.045045045045045,0.82434815,0.8244181113645005
5.055055055055055,0.8436821,0.8437517523095082
5.065065065065065,0.86295944,0.863028740356139
5.075075075075075,0.88217485,0.8822438142825566
5.085085085085085,0.9013235,0.9013917037396297
5.095095095095095,0.9203997,0.9204671292509319
5.105105105105105,0.9393986,0.9394648022127411
5.115115115115115,0.95831394,0.9583794248940408
5.125125125125125,0.9771418,0.9772056904365188
5.135135135135135,0.99587584,0.9959382828545682
5.145145145145145,1.014511,1.0145718770352865
5.155155155155155,1.0330414,1.0331011387384763
5.165165165165165,1.0514624,1.0515207245966454
5.175175175175175,1.0697685,1.0698252821150056
5.185185185185185,1.0879543,1.0880094496714745
5.195195195195195,1.1060143,1.1060679000627112
5.205205205205205,1.1239436,1.1239954828737926
5.215215215215215,1.1417364,1.1417869174829667
5.225225225225225,1.1593883,1.159436974838027
5.235235235235235,1.1768937,1.1769405077290762
5.245245245245245,1.1942475,1.1942924507885255
5.255255255255255,1.2114446,1.2114878204910955
5.265265265265265,1.2284805,1.228521715153816
5.275275275275275,1.2453498,1.2453893149360247
5.285285285285285,1.2620484,1.2620858818393699
5.295295295295295,1.278571,1.2786067597078075
5.305305305305305,1.2949134,1.2949473742276032
5.315315315315315,1.3110707,1.311103232927331
5.325325325325325,1.3270389,1.327069925177875
5.335335335335335,1.3428136,1.342843165847506
5.345345345345345,1.3583906,1.3584188830801895
5.355355355355355,1.3737663,1.3737930260098987
5.365365365365365,1.3889359,1.3889616794985544
5.375375375375375,1.4038967,1.403921075010221
5.385385385385385,1.4186441,1.4186675906111053
5.395395395395395,1.4331757,1.4331977509695575
5.405405405405405,1.4474869,1.4475082273560702
5.415415415415415,1.4615755,1.4615958376432798
5.425425425425425,1.4754379,1.475457546305965
5.435435435435435,1.4890712,1.4890904644210476
5.445445445445445,1.5024732,1.5024918496675923
5.455455455455455,1.515641,1.5156591063268072
5.465465465465465,1.5285718,1.5285897852820431
5.475475475475475,1.5412642,1.5412815820794121
5.485485485485485,1.5537152,1.5537323500179454
5.495495495495495,1.5659236,1.5659401571229983
5.505505505505505,1.5778869,1.5779032306242837
5.515515515515515,1.589604,1.589619947123704
5.525525525525525,1.6010729,1.6010888325953487
5.535535535535535,1.6122929,1.6123085623854958
5.545545545545545,1.6232623,1.6232779612126116
5.555555555555555,1.6339803,1.6339960031673502
5.565565565565565,1.6444461,1.644461811712554
5.575575575575575,1.6546593,1.6546746596832538
5.585585585585585,1.6646185,1.664633969286668
5.595595595595595,1.6743244,1.674339312102204
5.605605605605605,1.6837758,1.6837904090814564
5.615615615615615,1.6929728,1.692987130548209
5.625625625625625,1.7019155,1.7019294961984324
5.635635635635635,1.7106043,1.7106176751002866
5.645645645645645,1.719039,1.7190519217702989
5.655655655655655,1.7272202,1.7272325579038348
5.665665665665665,1.735149,1.7351601722705696
5.675675675675675,1.7428249,1.742835454137004
5.685685685685685,1.7502496,1.7502591861774432
5.6956956956956954,1.7574235,1.7574322444739978
5.7057057057057055,1.7643479,1.7643555985165826
5.7157157157157155,1.7710232,1.7710303112029173
5.7257257257257255,1.7774518,1.777457538838526
5.7357357357357355,1.7836338,1.783638531136738
5.7457457457457455,1.7895712,1.7895746312186862
5.7557557557557555,1.7952653,1.7952672756133095
5.7657657657657655,1.8007175,1.8007179942573504
5.7757757757757755,1.8059297,1.8059284104953568
5.7857857857857855,1.810903,1.8109002410796808
5.7957957957957955,1.8156395,1.8156352961704798
5.8058058058058055,1.8201418,1.8201353594241938
5.8158158158158155,1.8244106,1.8244022594194496
5.8258258258258255,1.8284484,1.8284379876053984
5.8358358358358355,1.8322569,1.832244565049508
5.8458458458458455,1.8358382,1.8358240423259156
5.8558558558558556,1.8391947,1.8391784995154294
5.865865865865866,1.8423277,1.8423100462055275
5.875875875875876,1.8452405,1.845220821490359
5.885885885885886,1.8479344,1.8479129939707426
5.895895895895896,1.8504122,1.8503887617541679
5.905905905905906,1.8526754,1.8526503524547944
5.915915915915916,1.8547274,1.8547000231934527
5.925925925925926,1.856569,1.8565400605976428
5.935935935935936,1.8582036,1.858172780801536
5.945945945945946,1.8596333,1.859600529445973
5.955955955955956,1.86086,1.8608256790175135
5.965965965965966,1.8618864,1.8618505197205968
5.975975975975976,1.862715,1.862677369645396
5.985985985985986,1.8633476,1.8633085836050136
5.995995995995996,1.8637869,1.8637465045842707
6.006006006006006,1.8640351,1.8639934637397066
6.016016016016016,1.8640947,1.8640517803995795
6.026026026026026,1.8639678,1.8639237620638662
6.036036036036036,1.8636569,1.8636117044042617
6.046046046046046,1.8631638,1.8631178912641801
6.056056056056056,1.8624914,1.8624445946587538
6.066066066066066,1.8616416,1.8615940747748336
6.076076076076076,1.8606168,1.8605685799709895
6.086086086086086,1.859419,1.8593703467775091
6.096096096096096,1.858051,1.8580015998963995
6.106106106106106,1.8565142,1.8564645418359946
6.116116116116116,1.8548112,1.8547613079897878
6.126126126126126,1.8529439,1.8528940351380008
6.136136136136136,1.8509153,1.8508648361385303
6.146146146146146,1.8487263,1.848675794070375
6.156156156156156,1.846379,1.8463289622336376
6.166166166166166,1.8438761,1.843826364149523
6.176176176176176,1.8412198,1.8411699935603387
6.186186186186186,1.8384113,1.8383618144294958
6.196196196196196,1.835453,1.8354037609415077
6.206206206206206,1.8323464,1.8322977375019909
6.216216216216216,1.8290939,1.8290456187376647
6.226226226226226,1.8256973,1.8256492494963512
6.236236236236236,1.8221582,1.8221104448469756
6.246246246246246,1.8184782,1.8184309878295437
6.256256256256256,1.814659,1.8146126142917762
6.266266266266266,1.8107028,1.8106570268356412
6.276276276276276,1.8066112,1.806565895161521
6.286286286286286,1.8023859,1.8023408549810291
6.296296296296296,1.7980276,1.797983508017009
6.306306306306306,1.7935393,1.793495422003536
6.316316316316316,1.7889216,1.7888781306859152
6.326326326326326,1.7841761,1.7841331338206834
6.336336336336336,1.7793043,1.7792618971756076
6.346346346346346,1.774308,1.7742658525296862
6.356356356356356,1.7691883,1.7691463976731476
6.366366366366366,1.7639464,1.763904896407452
6.376376376376376,1.758584,1.7585426785452893
6.386386386386386,1.7531018,1.7530610399105815
6.396396396396396,1.7475022,1.7474612423384803
6.406406406406406,1.7417856,1.7417445187239236
6.416416416416418,1.7359531,1.7359120605216654
6.426426426426427,1.730006,1.7299650180393853
6.436436436436437,1.7239456,1.7239045107392574
6.446446446446447,1.7177728,1.7177316272400605
6.456456456456456,1.711489,1.711447425317177
6.466466466466468,1.7050948,1.705052931902593
6.476476476476477,1.6985914,1.6985491430848993
6.486486486486487,1.6919798,1.6919370241092893
6.496496496496497,1.685261,1.685217509377561
6.506506506506506,1.6784357,1.6783915024481157
6.516516516516518,1.6715047,1.6714598760359594
6.526526526526527,1.6644692,1.6644234720127007
6.536536536536537,1.6573296,1.657283101406553
6.546546546546547,1.650087,1.6500395444023332
6.556556556556556,1.6427418,1.642693550341462
6.566566566566568,1.6352953,1.6352458377219639
6.576576576576577,1.6277475,1.6276970951671927
6.586586586586587,1.6200994,1.6200480032432105
6.596596596596597,1.612352,1.6122991951350503
6.606606606606606,1.6045048,1.6044512670868845
6.616616616616618,1.5965599,1.5965047908661754
6.626626626626627,1.5885164,1.5884603137636766
6.636636636636637,1.5803758,1.580318358593432
6.646646646646647,1.5721381,1.5720794236927762
6.656656656656656,1.5638039,1.5637439829223347
6.666666666666668,1.5553737,1.5553124856660232
6.676676676676677,1.5468482,1.5467853568310486
6.686686686686687,1.5382268,1.538162996847908
6.696696696696697,1.529511,1.5294457816703892
6.706706706706706,1.5207006,1.5206340627755708
6.716716716716718,1.511796,1.511728167163822
6.726726726726727,1.502797,1.502728397358803
6.736736736736737,1.493705,1.4936350314074638
6.746746746746747,1.4845197,1.4844483228800458
6.756756756756756,1.475241,1.4751685008700808
6.766766766766768,1.4658693,1.4657957699943913
6.776776776776777,1.4564049,1.4563303103930902
6.786786786786787,1.4468478,1.4467722777295815
6.796796796796797,1.4371983,1.4371218251622742
6.806806806806806,1.4274563,1.427379104016037
6.816816816816818,1.417622,1.4175441992954976
6.826826826826827,1.4076957,1.407617177560211
6.836836836836837,1.3976771,1.3975980884983636
6.846846846846847,1.3875663,1.3874869649267725
6.856856856856856,1.377364,1.3772838227908857
6.866866866866868,1.3670691,1.366988661164782
6.876876876876877,1.3566822,1.3566014622511715
6.886886886886887,1.3462032,1.346122191381395
6.896896896896897,1.3356322,1.3355507970154243
6.906906906906906,1.3249688,1.324887210741862
6.916916916916918,1.3142132,1.314131347277942
6.926926926926927,1.3033649,1.3032831044695283
6.936936936936937,1.2924241,1.292342363291117
6.946946946946947,1.2813905,1.2813089878458341
6.956956956956956,1.2702644,1.270182825365437
6.966966966966968,1.2590451,1.2589637062103143
6.976976976976977,1.2477325,1.2476514438694848
6.986986986986987,1.2363265,1.2362458349605987
6.996996996996997,1.2248268,1.2247466592299372
7.007007007007006,1.2132336,1.2131536795524123
7.017017017017018,1.201546,1.2014666419315667
7.027027027027027,1.189764,1.1896852754995744
7.037037037037037,1.1778874,1.17780929251724
7.047047047047047,1.1659158,1.1658383883739998
7.057057057057056,1.1538489,1.1537722415879195
7.067067067067068,1.1416867,1.1416105534864278
7.077077077077077,1.1294289,1.1293530892252737
7.087087087087087,1.1170743,1.1169994783017017
7.097097097097097,1.1046233,1.1045493357643115
7.107107107107106,1.0920753,1.0920022722859168
7.117117117117118,1.0794302,1.0793578941635453
7.127127127127127,1.0666876,1.0666158033184383
7.137137137137137,1.0538467,1.0537755972960516
7.147147147147147,1.0409075,1.0408368692660548
7.157157157157156,1.0278692,1.027799208022332
7.167167167167168,1.014732,1.0146621979829806
7.177177177177177,1.001495,1.0014254191903125
7.187187187187187,0.98815787,0.9880884473108538
7.197197197197197,0.9747202,0.9746508536353442
7.207207207207206,0.96118146,0.9611122050787378
7.217217217217218,0.94754165,0.9474720641802026
7.227227227227227,0.93379945,0.9337299891031206
7.237237237237237,0.9199553,0.9198855336350877
7.247247247247247,0.9060081,0.9059382471879143
7.2572572572572565,0.8919581,0.8918876747976244
7.267267267267268,0.87780416,0.8777333571244563
7.277277277277277,0.8635456,0.8634748304528623
7.287287287287287,0.84918267,0.8491116266915087
7.297297297297297,0.83471465,0.8346432733732756
7.3073073073073065,0.8201412,0.8200692936552576
7.317317317317318,0.8054612,0.8053892063187631
7.327327327327327,0.79067534,0.7906025257693143
7.337337337337337,0.77578205,0.7757087620366482
7.347347347347347,0.7607813,0.7607074207747149
7.3573573573573565,0.7456728,0.745598004443799
7.367367367367368,0.7304557,0.7303801651897507
7.377377377377377,0.7151298,0.7150535249359108
7.387387387387387,0.6996949,0.699617621447548
7.397397397397397,0.68415016,0.6840720139611548
7.4074074074074066,0.66849554,0.6684162831844463
7.417417417417418,0.65273094,0.6526500312963619
7.4274274274274275,0.63685447,0.6367728819470635
7.4374374374374375,0.62086767,0.6207844802579368
7.4474474474474475,0.6047691,0.6046844928215908
7.457457457457457,0.58855855,0.5884726077018576
7.467467467467468,0.5722364,0.5721485344337933
7.4774774774774775,0.5558012,0.5557120040236766
7.4874874874874875,0.5392534,0.53916276894901
7.4974974974974975,0.5225927,0.5225006031585193
7.507507507507507,0.5058188,0.5057253020721535
7.517517517517518,0.4889313,0.488836682581085
7.5275275275275275,0.47193086,0.4718345830477097
7.5375375375375375,0.45481622,0.45471886330564676
7.5475475475475475,0.43758816,0.4374894046597387
7.557557557557557,0.42024583,0.4201461098860515
7.567567567567568,0.40279013,0.4026889478174762
7.5775775775775776,0.3852204,0.38511803354466384
7.587587587587588,0.367537,0.36743339862550983
7.597597597597598,0.34973973,0.34963512040502576
7.607607607607607,0.33182904,0.3317233352387951
7.6176176176176185,0.3138048,0.3136982384929729
7.627627627627628,0.2956679,0.29556008454428623
7.637637637637638,0.27741808,0.2773091867800337
7.647647647647648,0.25905594,0.25894591759808583
7.657657657657657,0.24058132,0.24047070840688486
7.6676676676676685,0.22199589,0.22188404962544478
7.677677677677678,0.20329878,0.20318649068335143
7.687687687687688,0.18449149,0.1843786400207623
7.697697697697698,0.16557446,0.16546116508840672
7.707707707707707,0.1465485,0.14643479234758588
7.7177177177177185,0.1274141,0.12730030727017266
7.727727727727728,0.10817288,0.10805855433861145
7.737737737737738,0.088825166,0.08871050382582814
7.747747747747748,0.06937203,0.06925726673266508
7.757757757757757,0.04981387,0.04969993485073511
7.767767767767769,0.03015403,0.030039699807071274
7.777777777777778,0.010392118,0.010277856064909496
7.787787787787788,-0.009469908,-0.009584199076311403
7.797797797797798,-0.029430386,-0.029544965480949786
7.807807807807807,-0.049488243,-0.04960284017716113
7.817817817817819,-0.069641456,-0.06975611735689805
7.827827827827828,-0.08988853,-0.09000298837591028
7.837837837837838,-0.110226944,-0.11034154175374467
7.847847847847848,-0.1306552,-0.13076976317374525
7.857857857857857,-0.15117112,-0.15128553548305318
7.867867867867869,-0.17177242,-0.17188663869260673
7.877877877877878,-0.19245678,-0.1925707499771413
7.887887887887888,-0.21322158,-0.2133354436751893
7.897897897897898,-0.23406428,-0.23417819128905923
7.907907907907907,-0.2549825,-0.2550962990494986
7.917917917917919,-0.2759732,-0.27608690936669555
7.927927927927928,-0.2970334,-0.2971470741826063
7.937937937937938,-0.31815967,-0.3182737167613873
7.947947947947948,-0.33934942,-0.3394636316893962
7.957957957957957,-0.36059892,-0.3607134848751907
7.967967967967969,-0.38190484,-0.3820198135495293
7.977977977977978,-0.40326408,-0.40337902626537114
7.987987987987988,-0.4246721,-0.42478740289787587
7.997997997997998,-0.44612527,-0.44624109464440376
8.008008008008009,-0.4676199,-0.4677361240245176
8.018018018018019,-0.4891516,-0.489268384879975
8.028028028028029,-0.5107165,-0.5108336423747399
8.038038038038039,-0.5323096,-0.532427532994975
8.048048048048049,-0.55392706,-0.5540455645490434
8.058058058058059,-0.575564,-0.5756831169855975
8.068068068068069,-0.59721565,-0.5973354791772889
8.078078078078079,-0.6188771,-0.6189977432517184
8.088088088088089,-0.6405434,-0.6406648546085288
8.098098098098099,-0.6622091,-0.662331659322622
8.108108108108109,-0.68386936,-0.6839929041441577
8.118118118118119,-0.7055192,-0.7056432364985554
8.128128128128129,-0.72715217,-0.7272772044864928
8.138138138138139,-0.74876344,-0.7488892568839064
8.148148148148149,-0.7703474,-0.7704737431419911
8.158158158158159,-0.7918977,-0.792024913387201
8.168168168168169,-0.81340927,-0.8135369184212488
8.178178178178179,-0.83487535,-0.8350038097211054
8.188188188188189,-0.8562906,-0.8564195394390013
8.198198198198199,-0.8776486,-0.8777779708198029
8.208208208208209,-0.8989428,-0.8990730433161195
8.218218218218219,-0.9201675,-0.920298473595295
8.228228228228229,-0.94131696,-0.9414478838367842
8.238238238238239,-0.9623836,-0.9625148890026697
8.248248248248249,-0.9833617,-0.9834930968376614
8.258258258258259,-1.0042455,-1.0043761078690974
8.268268268268269,-1.0250274,-1.0251575154069437
8.278278278278279,-1.0457011,-1.045830905543793
8.288288288288289,-1.0662608,-1.066389857154867
8.298298298298299,-1.0866998,-1.0868279418980142
8.308308308308309,-1.1070108,-1.1071387242137116
8.318318318318319,-1.1271884,-1.1273157613250633
8.328328328328329,-1.1472263,-1.1473526032378012
8.338338338338339,-1.1671178,-1.1672428228087932
8.348348348348349,-1.1868563,-1.1869802196570884
8.358358358358359,-1.2064354,-1.2065584720797147
8.368368368368369,-1.22585,-1.2259713120472198
8.378378378378379,-1.2450924,-1.245212582886532
8.388388388388389,-1.2641581,-1.2642762392809586
8.398398398398399,-1.2830398,-1.2831563472701883
8.408408408408409,-1.3017325,-1.3018470842502896
8.418418418418419,-1.3202304,-1.320342738973711
8.428428428428429,-1.3385272,-1.338637711549281
8.438438438438439,-1.356618,-1.3567265134422084
8.448448448448449,-1.3744974,-1.3746037674740825
8.458458458458459,-1.3921599,-1.3922642078228726
8.468468468468469,-1.4096004,-1.4097026881289656
8.478478478478479,-1.4268143,-1.4269143365576407
8.488488488488489,-1.4437963,-1.4438943792322074
8.498498498498499,-1.4605423,-1.4606381801397204
8.508508508508509,-1.4770472,-1.4771412958443222
8.518518518518519,-1.4933077,-1.4933994754872453
8.528528528528529,-1.5093192,-1.5094086607868094
8.538538538538539,-1.5250775,-1.5251649860384238
8.548548548548549,-1.5405793,-1.5406647781145861
8.558558558558559,-1.555821,-1.5559045564648823
8.568568568568569,-1.5707992,-1.5708810331159875
8.578578578578579,-1.5855108,-1.585591112671665
8.588588588588589,-1.5999534,-1.6000318923127672
8.598598598598599,-1.614124,-1.6142006617972344
8.608608608608609,-1.6280198,-1.628094891519755
8.618618618618619,-1.641639,-1.6417122764941634
8.62862862862863,-1.6549785,-1.6550507948655502
8.63863863863864,-1.6680381,-1.6681086189732186
8.64864864864865,-1.680815,-1.6808841111472763
8.65865865865866,-1.6933079,-1.693375823708636
8.66866866866867,-1.7055155,-1.7055824989690145
8.67867867867868,-1.7174373,-1.7175030692309328
8.68868868868869,-1.7290716,-1.729136656787717
8.6986986986987,-1.7404186,-1.7404825739234975
8.70870870870871,-1.7514772,-1.751540322913209
8.71871871871872,-1.7622478,-1.7623095960225905
8.72872872872873,-1.7727293,-1.7727902755081861
8.73873873873874,-1.7829221,-1.7829824336173443
8.74874874874875,-1.7928269,-1.7928863325882176
8.75875875875876,-1.8024445,-1.8025024246497634
8.76876876876877,-1.8117739,-1.811831321730368
8.77877877877878,-1.8208174,-1.8208736605549367
8.78878878878879,-1.8295752,-1.829630395414168
8.7987987987988,-1.8380487,-1.8381026327664696
8.80880880880881,-1.8462385,-1.846291593312964
8.81881881881882,-1.8541462,-1.854198611997486
8.82882882882883,-1.8617741,-1.8618251380065847
8.83883883883884,-1.8691226,-1.8691727347695222
8.84884884884885,-1.8761941,-1.8762430799582737
8.85885885885886,-1.8829902,-1.8830379654875284
8.86886886886887,-1.8895124,-1.889559297514689
8.87887887887888,-1.8957641,-1.8958090964398715
8.88888888888889,-1.9017458,-1.901789496905905
8.8988988988989,-1.9074606,-1.9075027477983324
8.90890890890891,-1.9129108,-1.9129512122202483
8.91891891891892,-1.9180987,-1.918137230865174
8.92892892892893,-1.9230261,-1.9230632205609566
8.93893893893894,-1.9276968,-1.9277317597392267
8.94894894894895,-1.9321121,-1.932145461621518
8.95895895895896,-1.9362756,-1.936306974219265
8.96896896896897,-1.9401897,-1.9402189803338048
8.97897897897898,-1.943857,-1.943884197556376
8.98898898898899,-1.9472802,-1.9473053782681196
8.998998998999,-1.9504615,-1.9504853096400776
9.00900900900901,-1.9534057,-1.9534268136331947
9.01901901901902,-1.9561138,-1.956132746998317
9.02902902902903,-1.9585893,-1.9586060012761926
9.03903903903904,-1.960835,-1.9608495027974717
9.04904904904905,-1.9628541,-1.9628662126827063
9.05905905905906,-1.9646492,-1.964659101954278
9.06906906906907,-1.9662235,-1.966231048704408
9.07907907907908,-1.9675801,-1.9675850038028646
9.08908908908909,-1.9687207,-1.9687239177274738
9.0990990990991,-1.9696496,-1.9696507254155882
9.10910910910911,-1.9703698,-1.970368346264088
9.11911911911912,-1.9708834,-1.9708796841293799
9.12912912912913,-1.9711931,-1.9711876273273978
9.13913913913914,-1.971303,-1.971295048633603
9.14914914914915,-1.9712145,-1.9712048052829836
9.15915915915916,-1.9709318,-1.9709197389700548
9.16916916916917,-1.9704564,-1.9704426758488591
9.17917917917918,-1.9697919,-1.9697764265329658
9.18918918918919,-1.9689412,-1.9689237817164957
9.1991991991992,-1.9679067,-1.967887460161479
9.20920920920921,-1.966691,-1.9666701642601219
9.21921921921922,-1.965297,-1.9652745700185037
9.22922922922923,-1.9637275,-1.9637033158016468
9.23923923923924,-1.9619839,-1.9619590023335152
9.24924924924925,-1.9600708,-1.960044192697014
9.25925925925926,-1.9579891,-1.9579614123339915
9.26926926926927,-1.9557422,-1.9557131490452364
9.27927927927928,-1.9533322,-1.95330185299048
9.28928928928929,-1.9507611,-1.9507299366883957
9.2992992992993,-1.9480315,-1.9479997750165978
9.30930930930931,-1.9451468,-1.9451137052116434
9.31931931931932,-1.9421079,-1.9420740265790317
9.32932932932933,-1.9389176,-1.9388829837829393
9.33933933933934,-1.9355778,-1.935542770981739
9.34934934934935,-1.9320906,-1.9320555429457182
9.35935935935936,-1.9284596,-1.928423411602757
9.36936936936937,-1.9246849,-1.924648446038329
9.37937937937938,-1.9207696,-1.9207326724955012
9.38938938938939,-1.9167153,-1.9166780743749332
9.3993993993994,-1.9125243,-1.912486592234878
9.40940940940941,-1.9081978,-1.9081601237911816
9.41941941941942,-1.9037384,-1.9037005239172837
9.42942942942943,-1.8991479,-1.8991096046442169
9.43943943943944,-1.8944275,-1.8943891351606064
9.44944944944945,-1.8895794,-1.8895408418126716
9.45945945945946,-1.884605,-1.8845664104879056
9.46946946946947,-1.8795062,-1.8794674814412078
9.47947947947948,-1.8742841,-1.874245640432661
9.48948948948949,-1.8689411,-1.8689024334342288
9.4994994994995,-1.8634782,-1.8634393673015044
9.50950950950951,-1.8578968,-1.8578579097737093
9.51951951951952,-1.8521984,-1.8521594894736948
9.52952952952953,-1.8463848,-1.8463454959079408
9.53953953953954,-1.8404567,-1.8404172794665568
9.54954954954955,-1.8344156,-1.8343761514232806
9.55955955955956,-1.8282634,-1.8282233839354798
9.56956956956957,-1.8220004,-1.8219602100441503
9.57957957957958,-1.8156285,-1.815587823673918
9.58958958958959,-1.809148,-1.809107379633037
9.5995995995996,-1.8025608,-1.8025199936133909
9.60960960960961,-1.795868,-1.7958267468690192
9.61961961961962,-1.7890704,-1.7890286957369477
9.62962962962963,-1.7821692,-1.782126837290764
9.63963963963964,-1.7751646,-1.7751221336883252
9.64964964964965,-1.7680582,-1.768015515479064
9.65965965965966,-1.7608515,-1.760807881603988
9.66966966966967,-1.7535439,-1.7535000993956806
9.67967967967968,-1.7461376,-1.7460930045782994
9.68968968968969,-1.7386328,-1.7385874012675782
9.6996996996997,-1.7310303,-1.730984061970825
9.70970970970971,-1.7233305,-1.723283727586924
9.71971971971972,-1.7155344,-1.715487107406334
9.72972972972973,-1.7076432,-1.707594879111089
9.73973973973974,-1.6996568,-1.6996076887747984
9.74974974974975,-1.6915756,-1.691526150862647
9.75975975975976,-1.6834012,-1.683350848231394
9.76976976976977,-1.6751336,-1.6750823321293744
9.77977977977978,-1.6667732,-1.6667211221967169
9.78978978978979,-1.6583203,-1.6582677295161636
9.7997997997998,-1.6497759,-1.6497226321290488
9.80980980980981,-1.6411405,-1.6410862592121658
9.81981981981982,-1.632414,-1.6323590164400856
9.82982982982983,-1.6235969,-1.623541285985156
9.83983983983984,-1.61469,-1.6146334265175006
9.84984984984985,-1.6056929,-1.6056357732050213
9.85985985985986,-1.5966064,-1.5965486377133955
9.86986986986987,-1.5874306,-1.5873723082060778
9.87987987987988,-1.5781661,-1.5781070493442997
9.88988988988989,-1.5688128,-1.5687531022870693
9.8998998998999,-1.5593711,-1.5593106846911717
9.90990990990991,-1.5498408,-1.5497799907111682
9.91991991991992,-1.5402225,-1.540161190999398
9.92992992992993,-1.5305165,-1.5304544327059755
9.93993993993994,-1.5207219,-1.5206598394787934
9.94994994994995,-1.5108405,-1.51077751146352
9.95995995995996,-1.5008707,-1.500807525303601
9.96996996996997,-1.4908136,-1.490749934140259
9.97997997997998,-1.4806688,-1.480604767612493
9.98998998998999,-1.4704361,-1.4703720318570788
10.0,-1.4601164,-1.4600517133263948
